2,245797967,adventure-works\terri0,0x58,1,NULL,Terri,Lee,Duffy,NULL,Vice President of Engineering,819-555-0175,Work,terri0@adventure-works.com,1,7559 Worth Ct.,NULL,Renton,Washington,98055,United States,NULL,1,Research and Development,Engineering
16,24756624,adventure-works\david0,0x68,1,NULL,David,M,Bradley,NULL,Marketing Manager,913-555-0172,Work,david0@adventure-works.com,1,3768 Door Way,NULL,Redmond,Washington,98052,United States,NULL,4,Sales and Marketing,Marketing
25,519899904,adventure-works\james1,0x78,1,NULL,James,R,Hamilton,NULL,Vice President of Production,870-555-0122,Work,james1@adventure-works.com,0,9652 Los Angeles,NULL,Monroe,Washington,98272,United States,NULL,7,Manufacturing,Production
234,184188301,adventure-works\laura1,0x84,1,NULL,Laura,F,Norman,NULL,Chief Financial Officer,615-555-0110,Cell,laura1@adventure-works.com,1,6937 E. 42nd Street,NULL,Renton,Washington,98055,United States,NULL,16,Executive General and Administration,Executive
263,441044382,adventure-works\jean0,0x8C,1,NULL,Jean,E,Trenary,NULL,Information Services Manager,685-555-0120,Work,jean0@adventure-works.com,2,2383 Pepper Drive,NULL,Redmond,Washington,98052,United States,NULL,11,Executive General and Administration,Information Services
273,112432117,adventure-works\brian3,0x94,1,Mr.,Brian,S,Welcker,NULL,Vice President of Sales,716-555-0127,Cell,brian3@adventure-works.com,0,7772 Golden Meadow,NULL,Issaquah,Washington,98027,United States,NULL,3,Sales and Marketing,Sales
